[
  {
    "id": 1,
    "text": "Fruits",
    "parentId": 0
  },
  {
    "id": 2,
    "text": "Colors",
    "parentId": 0
  },
  {
    "id": 3,
    "text": "Cities",
    "parentId": 0
  },
  {
    "id": 4,
    "text": "Citrus",
    "parentId": 1
  },
  {
    "id": 5,
    "text": "Stone fruits",
    "parentId": 1
  },
  {
    "id": 6,
    "text": "Berries",
    "parentId": 1
  },
  {
    "id": 7,
    "text": "Orange",
    "parentId": 4
  },
  {
    "id": 8,
    "text": "Grapefruit",
    "parentId": 4
  },
  {
    "id": 9,
    "text": "Lime",
    "parentId": 4
  },
  {
    "id": 10,
    "text": "Nectarine",
    "parentId": 5
  },
  {
    "id": 11,
    "text": "Apricot",
    "parentId": 5
  },
  {
    "id": 12,
    "text": "Peach",
    "parentId": 5
  },
  {
    "id": 13,
    "text": "Strawberry",
    "parentId": 6
  },
  {
    "id": 14,
    "text": "Raspberry",
    "parentId": 6
  },
  {
    "id": 15,
    "text": "Blueberry",
    "parentId": 6
  },
  {
    "id": 16,
    "text": "Darker",
    "parentId": 2
  },
  {
    "id": 17,
    "text": "Lighter",
    "parentId": 2
  },
  {
    "id": 18,
    "text": "MidnightBlue",
    "parentId": 16
  },
  {
    "id": 19,
    "text": "ForestGreen",
    "parentId": 16
  },
  {
    "id": 20,
    "text": "Maroon",
    "parentId": 16
  },
  {
    "id": 21,
    "text": "SkyBlue",
    "parentId": 17
  },
  {
    "id": 22,
    "text": "LightGray",
    "parentId": 17
  },
  {
    "id": 23,
    "text": "Khaki",
    "parentId": 17
  },
  {
    "id": 24,
    "text": "Europe",
    "parentId": 3
  },
  {
    "id": 25,
    "text": "America",
    "parentId": 3
  },
  {
    "id": 26,
    "text": "Asia",
    "parentId": 3
  },
  {
    "id": 27,
    "text": "Rome",
    "parentId": 24
  },
  {
    "id": 28,
    "text": "Berlin",
    "parentId": 24
  },
  {
    "id": 29,
    "text": "Madrid",
    "parentId": 24
  },
  {
    "id": 30,
    "text": "Beijing",
    "parentId": 26
  },
  {
    "id": 31,
    "text": "Chengdu",
    "parentId": 26
  },
  {
    "id": 32,
    "text": "Guangzhou",
    "parentId": 26
  },
  {
    "id": 33,
    "text": "Houston",
    "parentId": 25
  },
  {
    "id": 34,
    "text": "Los Angeles",
    "parentId": 25
  },
  {
    "id": 35,
    "text": "New York",
    "parentId": 25
  }
]